{"quizlist":[
  
	{
	"question":"Most wall outlets have how many volts?",
	"option1":"120",
	"option2":"100",
	"option3":"150"
	},
	{
	"question":"Where are most of the volcanoes on Earth?",
	"option1":"Pacific plate",
	"option2":"Carribean plate",
	"option3":"The Eurasian plate"
	},
	{
	"question":"How do a jackrabbit's long ears help it to survive in the desert?",
	"option1":"By letting blood flow through it's ears and then losing heat",
	"option2":"To help it hear the sound of water flowing, even if it makes the slightest ripple",
	"option3":"To help it fan itself better"
	},
    {
    "question":"What is as canyon?",
    "option1":"A deep gorge, typically one with a river flowing through it",
    "option2":"A deep pit",
    "option3":"A high piece of land, like a mountain with a flat top"
    },
    {
    "question":"What happens when a positive charge toches a negative charge?",
        "option1":"They cancel each other out",
        "option2":" They become different charge",
        "option3":"They make static energy"
    },
    {
        "question":"During the 1800s, miners needed to be able to tell real gold from another mineral, pyrite. To tell them apart, the miners would bite the mineral they found. If they saw a bite mark in the mineral, they knew it was real gold. What property were they testing?",
	"option1":"Hardness",
	"option2":"Luster",
	"option3":"Cleavage"
    },
    {   
        "question": "Which natural hazard is caused by weather?",
        "option1":"Flooding",
        "option2":"Tsunami",
        "option3":"Earthquake"
    }

]
}
