{"quizlist":[
  
	{
	"question":"What food makes up nearly all (around 99%) of a Giant Panda’s diet?",
	"option1":"Bamboo",
	"option2":"Oak",
	"option3":"sugar cane"
	},
	{
	"question":"True or false? Mice live for up to 10 years.",
	"option1":"False",
	"option2":"True"
	
	},
	{
	"question":"How do a jackrabbit's long ears help it to survive in the desert?",
	"option1":"By letting blood flow through it's ears and then losing heat",
	"option2":"To help it hear the sound of water flowing, even if it makes the slightest ripple",
	"option3":"To help it fan itself better"
	},
    {
    "question":"What is the largest type of ‘big cat’ in the world?",
    "option1":"Liger",
    "option2":"Lion",
    "option3":"Tiger"
    },
    {
    "question":"What are female elephants called?",
        "option1":"Cows",
        "option2":"Bulls",
        "option3":"Hens"
    },
    {
        "question":"What is the largest land animal in the world?",
	"option1":"Elephant",
	"option2":"Liger",
	"option3":"Lion"
    },
    {   
        "question": "A ‘doe’ is what kind of animal?",
        "option1":"Deer",
        "option2":"Antler",
        "option3":"Reindeer"
    }

]
}