{"quizlist":[
  
	{
	"question":"How many months have 28 days?",
	"option1":"12",
	"option2":"0",
	"option3":"1, except for leap years"
	},
	{
    "question":"What is the answer to this question?",
    "option1":"Option 2",
    "option2":"Option 1",
    "option3":"Option 3"
	
	},
	{
	"question":"?",
	"option1":"",
	"option2":"",
	"option3":""
	},
    {
    "question":"?",
    "option1":"",
    "option2":"",
    "option3":""
    },
    {
    "question":"?",
    "option1":"",
    "option2":"",
    "option3":""
    },
    {
    "question":"?",
	"option1":"",
	"option2":"",
	"option3":""
    },
    {   
    "question": "?",
    "option1":"",
    "option2":"",
    "option3":""
    }

]
}
